action_number,new_accuracy,new_DR,new_DP,new_EO,new_PQP
original,0.92,0.063281745,0.01028063350930819,0.011877345064044587,0.08050732501356483
1,0.9233333333333333,0.06583944,0.0035009724923590335,0.004243757277785032,0.07973324950601757
2,0.9233333333333333,0.06455115,0.01016949152542368,0.011450381679389277,0.08022681338423532
3,0.9216666666666666,0.06630221,0.013559322033898313,0.01526717557251911,0.08061517660976847
4,0.925,0.06548022,0.006779661016949157,0.007633587786259555,0.0798411011022212
5,0.9233333333333333,0.06502326,0.0035009724923590335,0.004243757277785032,0.07973324950601757
6,0.9283333333333333,0.058128215,0.0,0.0,0.07907752153375935
7,0.9283333333333333,0.057089914,0.0,0.0,0.07907752153375935
8,0.925,0.060460314,0.00011114198388439966,0.000426963384655199,0.07935016111707838
9,0.925,0.060949992,0.00011114198388439966,0.000426963384655199,0.07935016111707838
10,0.925,0.06457705,0.006779661016949157,0.007633587786259555,0.0798411011022212
11,0.9266666666666666,0.061043687,0.003389830508474523,0.003816793893129722,0.07945801271328201
12,0.925,0.06318506,0.006779661016949157,0.007633587786259555,0.0798411011022212
13,0.9266666666666666,0.06296228,0.003389830508474523,0.003816793893129722,0.07945801271328201
14,0.9233333333333333,0.05859116,0.0035009724923590335,0.004243757277785032,0.07973324950601757
15,0.925,0.05736147,0.006779661016949157,0.007633587786259555,0.0798411011022212
16,0.9283333333333333,0.060989883,0.0,0.0,0.07907752153375935
17,0.9233333333333333,0.056715775,0.0035009724923590335,0.004243757277785032,0.07973324950601757
18,0.925,0.056545664,0.00011114198388439966,0.000426963384655199,0.07935016111707838
19,0.925,0.056352604,0.00011114198388439966,0.000426963384655199,0.07935016111707838
20,0.925,0.06023855,0.00011114198388439966,0.000426963384655199,0.07935016111707838
21,0.9266666666666666,0.055940654,0.003389830508474523,0.003816793893129722,0.07945801271328201
22,0.925,0.061153375,0.006779661016949157,0.007633587786259555,0.0798411011022212
23,0.9233333333333333,0.05528094,0.01016949152542368,0.011450381679389277,0.08022681338423532
24,0.925,0.055433568,0.006779661016949157,0.007633587786259555,0.0798411011022212
25,0.9266666666666666,0.057991512,0.003389830508474523,0.003816793893129722,0.07945801271328201
26,0.9266666666666666,0.056172613,0.003389830508474523,0.003816793893129722,0.07945801271328201
27,0.925,0.0601287,0.006779661016949157,0.007633587786259555,0.0798411011022212
28,0.925,0.058919538,0.006779661016949157,0.007633587786259555,0.0798411011022212
29,0.9283333333333333,0.055595104,0.0,0.0,0.07907752153375935
30,0.9283333333333333,0.054660548,0.0,0.0,0.07907752153375935
31,0.925,0.056119066,0.006779661016949157,0.007633587786259555,0.0798411011022212
32,0.9266666666666666,0.051229592,0.003389830508474523,0.003816793893129722,0.07945801271328201
33,0.9283333333333333,0.05376699,0.0,0.0,0.07907752153375935
34,0.9266666666666666,0.05574739,0.003389830508474523,0.003816793893129722,0.07945801271328201
35,0.9266666666666666,0.057855383,0.003389830508474523,0.003816793893129722,0.07945801271328201
36,0.925,0.054415308,0.006779661016949157,0.007633587786259555,0.0798411011022212
37,0.9283333333333333,0.055603754,0.0,0.0,0.07907752153375935
38,0.9283333333333333,0.053282425,0.0,0.0,0.07907752153375935
39,0.9266666666666666,0.060229722,0.003389830508474523,0.003816793893129722,0.07945801271328201
40,0.9266666666666666,0.0543558,0.003389830508474523,0.003816793893129722,0.07945801271328201
41,0.9283333333333333,0.056874033,0.0,0.0,0.07907752153375935
42,0.925,0.058224563,0.006779661016949157,0.007633587786259555,0.0798411011022212
43,0.9283333333333333,0.051621143,0.0,0.0,0.07907752153375935
44,0.9266666666666666,0.055012193,0.003389830508474523,0.003816793893129722,0.07945801271328201
45,0.9283333333333333,0.05772919,0.0,0.0,0.07907752153375935
46,0.9283333333333333,0.055636548,0.0,0.0,0.07907752153375935
47,0.9266666666666666,0.05332131,0.003389830508474523,0.003816793893129722,0.07945801271328201
48,0.9283333333333333,0.05339077,0.0,0.0,0.07907752153375935
49,0.9283333333333333,0.05339077,0.0,0.0,0.07907752153375935
50,0.925,0.05822269,0.006779661016949157,0.007633587786259555,0.0798411011022212
51,0.9283333333333333,0.056223463,0.0,0.0,0.07907752153375935
52,0.925,0.05231479,0.006779661016949157,0.007633587786259555,0.0798411011022212
53,0.925,0.053655967,0.006779661016949157,0.007633587786259555,0.0798411011022212
54,0.9266666666666666,0.05441841,0.003389830508474523,0.003816793893129722,0.07945801271328201
55,0.9266666666666666,0.057664134,0.01016949152542368,0.007633587786259555,0.07680215584998873
56,0.9266666666666666,0.05238306,0.003389830508474523,0.003816793893129722,0.07945801271328201
57,0.9266666666666666,0.052851353,0.003389830508474523,0.003816793893129722,0.07945801271328201
58,0.925,0.054827943,0.006779661016949157,0.007633587786259555,0.0798411011022212
59,0.9283333333333333,0.051551647,0.0,0.0,0.07907752153375935
60,0.9283333333333333,0.05155169,0.0,0.0,0.07907752153375935
61,0.925,0.05168189,0.006779661016949157,0.007633587786259555,0.0798411011022212
62,0.9216666666666666,0.05392341,0.013559322033898313,0.01526717557251911,0.08061517660976847
63,0.9233333333333333,0.051217586,0.01016949152542368,0.011450381679389277,0.08022681338423532
64,0.9283333333333333,0.05376906,0.0,0.0,0.07907752153375935
65,0.9266666666666666,0.04947768,0.01016949152542368,0.007633587786259555,0.07680215584998873
66,0.9266666666666666,0.049477514,0.01016949152542368,0.007633587786259555,0.07680215584998873
67,0.9266666666666666,0.04947558,0.01016949152542368,0.007633587786259555,0.07680215584998873
68,0.9216666666666666,0.05744557,0.013559322033898313,0.01526717557251911,0.08061517660976847
69,0.9233333333333333,0.051473696,0.01016949152542368,0.011450381679389277,0.08022681338423532
70,0.9233333333333333,0.054679427,0.01016949152542368,0.011450381679389277,0.08022681338423532
71,0.925,0.050296966,0.006779661016949157,0.007633587786259555,0.0798411011022212
72,0.9266666666666666,0.05065328,0.003389830508474523,0.003816793893129722,0.07945801271328201
73,0.9283333333333333,0.051748652,0.006779661016949157,0.003816793893129722,0.0764281318189447
74,0.9266666666666666,0.049231716,0.01016949152542368,0.007633587786259555,0.07680215584998873
75,0.925,0.052377,0.013559322033898313,0.011450381679389277,0.07717875049292999
76,0.9233333333333333,0.050650787,0.016949152542372836,0.01526717557251911,0.07755794234030522
77,0.9233333333333333,0.04793888,0.016949152542372836,0.01526717557251911,0.07755794234030522
78,0.925,0.054747626,0.013559322033898313,0.011450381679389277,0.07717875049292999
79,0.9233333333333333,0.05406341,0.016949152542372836,0.01526717557251911,0.07755794234030522
80,0.9233333333333333,0.051997505,0.016949152542372836,0.01526717557251911,0.07755794234030522
81,0.9266666666666666,0.05258593,0.01016949152542368,0.007633587786259555,0.07680215584998873
82,0.925,0.04906301,0.013559322033898313,0.011450381679389277,0.07717875049292999
83,0.9233333333333333,0.051828284,0.016949152542372836,0.01526717557251911,0.07755794234030522
84,0.9233333333333333,0.051828284,0.016949152542372836,0.01526717557251911,0.07755794234030522
85,0.9216666666666666,0.049152683,0.02033898305084747,0.01908396946564883,0.07793975835271427
86,0.9233333333333333,0.054228973,0.016949152542372836,0.01526717557251911,0.07755794234030522
87,0.9233333333333333,0.054744836,0.016949152542372836,0.01526717557251911,0.07755794234030522
88,0.9266666666666666,0.055056114,0.01016949152542368,0.007633587786259555,0.07680215584998873
89,0.9216666666666666,0.05062456,0.02033898305084747,0.01908396946564883,0.07793975835271427
90,0.9233333333333333,0.048665855,0.016949152542372836,0.01526717557251911,0.07755794234030522
91,0.9266666666666666,0.05013469,0.01016949152542368,0.007633587786259555,0.07680215584998873
92,0.925,0.049398188,0.013559322033898313,0.011450381679389277,0.07717875049292999
93,0.9233333333333333,0.04833315,0.016949152542372836,0.01526717557251911,0.07755794234030522
94,0.9233333333333333,0.047923,0.016949152542372836,0.01526717557251911,0.07755794234030522
95,0.9216666666666666,0.04453929,0.02033898305084747,0.01908396946564883,0.07793975835271427
96,0.9233333333333333,0.052192762,0.016949152542372836,0.01526717557251911,0.07755794234030522
97,0.925,0.049047425,0.013559322033898313,0.011450381679389277,0.07717875049292999
98,0.925,0.049047187,0.013559322033898313,0.011450381679389277,0.07717875049292999
99,0.9233333333333333,0.05096361,0.016949152542372836,0.01526717557251911,0.07755794234030522
100,0.9233333333333333,0.050963685,0.016949152542372836,0.01526717557251911,0.07755794234030522
101,0.9233333333333333,0.05136705,0.016949152542372836,0.01526717557251911,0.07755794234030522
102,0.925,0.050475672,0.013559322033898313,0.011450381679389277,0.07717875049292999
103,0.9233333333333333,0.052691028,0.016949152542372836,0.01526717557251911,0.07755794234030522
104,0.9233333333333333,0.046933472,0.01016949152542368,0.011450381679389277,0.08022681338423532
105,0.9216666666666666,0.046750706,0.013559322033898313,0.01526717557251911,0.08061517660976847
106,0.9216666666666666,0.046750534,0.013559322033898313,0.01526717557251911,0.08061517660976847
107,0.9283333333333333,0.05022746,0.006779661016949157,0.003816793893129722,0.0764281318189447
108,0.9233333333333333,0.046857797,0.016949152542372836,0.01526717557251911,0.07755794234030522
109,0.9233333333333333,0.05111465,0.01016949152542368,0.011450381679389277,0.08022681338423532
110,0.9233333333333333,0.046727117,0.01016949152542368,0.011450381679389277,0.08022681338423532
111,0.92,0.05010781,0.016949152542372836,0.01908396946564883,0.08100621820237419
112,0.9233333333333333,0.046630178,0.01016949152542368,0.011450381679389277,0.08022681338423532
113,0.925,0.050107155,0.013559322033898313,0.011450381679389277,0.07717875049292999
114,0.9233333333333333,0.05362419,0.01016949152542368,0.011450381679389277,0.08022681338423532
115,0.9216666666666666,0.050154503,0.013559322033898313,0.01526717557251911,0.08061517660976847
116,0.92,0.049540903,0.016949152542372836,0.01908396946564883,0.08100621820237419
117,0.9233333333333333,0.050721403,0.01016949152542368,0.011450381679389277,0.08022681338423532
118,0.9216666666666666,0.046969634,0.013559322033898313,0.01526717557251911,0.08061517660976847
119,0.925,0.050130628,0.013559322033898313,0.011450381679389277,0.07717875049292999
120,0.925,0.055237196,0.006779661016949157,0.007633587786259555,0.0798411011022212
121,0.9233333333333333,0.051159892,0.016949152542372836,0.01526717557251911,0.07755794234030522
122,0.92,0.050031364,0.016949152542372836,0.01908396946564883,0.08100621820237419
123,0.9216666666666666,0.049770456,0.02033898305084747,0.01908396946564883,0.07793975835271427
124,0.9216666666666666,0.051981296,0.013559322033898313,0.01526717557251911,0.08061517660976847
125,0.925,0.051277097,0.006779661016949157,0.007633587786259555,0.0798411011022212
126,0.9233333333333333,0.048313733,0.01016949152542368,0.011450381679389277,0.08022681338423532
127,0.925,0.05006255,0.006779661016949157,0.007633587786259555,0.0798411011022212
128,0.925,0.049054056,0.013559322033898313,0.011450381679389277,0.07717875049292999
129,0.925,0.04905343,0.013559322033898313,0.011450381679389277,0.07717875049292999
130,0.9216666666666666,0.052510053,0.02033898305084747,0.01908396946564883,0.07793975835271427
131,0.9216666666666666,0.048835654,0.02033898305084747,0.01908396946564883,0.07793975835271427
132,0.925,0.051663004,0.006779661016949157,0.007633587786259555,0.0798411011022212
133,0.9216666666666666,0.051788762,0.013559322033898313,0.01526717557251911,0.08061517660976847
134,0.9216666666666666,0.048711192,0.013559322033898313,0.01526717557251911,0.08061517660976847
135,0.9216666666666666,0.049001344,0.013559322033898313,0.01526717557251911,0.08061517660976847
136,0.92,0.05255701,0.016949152542372836,0.01908396946564883,0.08100621820237419
137,0.92,0.05255701,0.016949152542372836,0.01908396946564883,0.08100621820237419
138,0.9216666666666666,0.05253164,0.013559322033898313,0.01526717557251911,0.08061517660976847
139,0.9216666666666666,0.051771045,0.013559322033898313,0.01526717557251911,0.08061517660976847
140,0.9266666666666666,0.049649283,0.003389830508474523,0.003816793893129722,0.07945801271328201
141,0.9233333333333333,0.051154822,0.01016949152542368,0.011450381679389277,0.08022681338423532
142,0.925,0.052197296,0.013559322033898313,0.011450381679389277,0.07717875049292999
143,0.925,0.052197337,0.013559322033898313,0.011450381679389277,0.07717875049292999
144,0.9283333333333333,0.04952518,0.006779661016949157,0.003816793893129722,0.0764281318189447
145,0.925,0.048012845,0.006779661016949157,0.007633587786259555,0.0798411011022212
146,0.925,0.048012845,0.006779661016949157,0.007633587786259555,0.0798411011022212
147,0.9283333333333333,0.05028103,0.006779661016949157,0.003816793893129722,0.0764281318189447
148,0.9283333333333333,0.050215818,0.006779661016949157,0.003816793893129722,0.0764281318189447
149,0.93,0.05060325,0.003389830508474523,0.0,0.07605665216906432
150,0.925,0.05038739,0.006779661016949157,0.007633587786259555,0.0798411011022212
151,0.925,0.05060843,0.013559322033898313,0.011450381679389277,0.07717875049292999
152,0.9216666666666666,0.049246423,0.013559322033898313,0.01526717557251911,0.08061517660976847
153,0.9233333333333333,0.049070574,0.01016949152542368,0.011450381679389277,0.08022681338423532
154,0.9233333333333333,0.04907052,0.01016949152542368,0.011450381679389277,0.08022681338423532
155,0.925,0.044727232,0.006779661016949157,0.007633587786259555,0.0798411011022212
156,0.9283333333333333,0.046870373,0.0,0.0,0.07907752153375935
157,0.9266666666666666,0.048814394,0.01016949152542368,0.007633587786259555,0.07680215584998873
158,0.925,0.048138205,0.006779661016949157,0.007633587786259555,0.0798411011022212
159,0.925,0.048138205,0.006779661016949157,0.007633587786259555,0.0798411011022212
160,0.9266666666666666,0.044010714,0.003389830508474523,0.003816793893129722,0.07945801271328201
161,0.9266666666666666,0.04932478,0.003389830508474523,0.003816793893129722,0.07945801271328201
162,0.925,0.051287275,0.006779661016949157,0.007633587786259555,0.0798411011022212
163,0.9283333333333333,0.045351874,0.0,0.0,0.07907752153375935
164,0.9283333333333333,0.044716064,0.0,0.0,0.07907752153375935
165,0.925,0.04532699,0.006779661016949157,0.007633587786259555,0.0798411011022212
166,0.93,0.04712892,0.003389830508474523,0.0,0.07605665216906432
167,0.9233333333333333,0.045764826,0.01016949152542368,0.011450381679389277,0.08022681338423532
168,0.9216666666666666,0.051848628,0.013559322033898313,0.01526717557251911,0.08061517660976847
169,0.9216666666666666,0.051848534,0.013559322033898313,0.01526717557251911,0.08061517660976847
170,0.9266666666666666,0.044861045,0.003389830508474523,0.003816793893129722,0.07945801271328201
171,0.9233333333333333,0.0463651,0.01016949152542368,0.011450381679389277,0.08022681338423532
172,0.925,0.046245623,0.006779661016949157,0.007633587786259555,0.0798411011022212
173,0.925,0.04318815,0.006779661016949157,0.007633587786259555,0.0798411011022212
174,0.9283333333333333,0.044717755,0.0,0.0,0.07907752153375935
175,0.9266666666666666,0.04694775,0.003389830508474523,0.003816793893129722,0.07945801271328201
176,0.925,0.046220034,0.006779661016949157,0.007633587786259555,0.0798411011022212
177,0.925,0.047311556,0.006779661016949157,0.007633587786259555,0.0798411011022212
178,0.9216666666666666,0.045542065,0.013559322033898313,0.01526717557251911,0.08061517660976847
179,0.9216666666666666,0.046526138,0.013559322033898313,0.01526717557251911,0.08061517660976847
180,0.9216666666666666,0.049540445,0.013559322033898313,0.01526717557251911,0.08061517660976847
181,0.925,0.048915043,0.006779661016949157,0.007633587786259555,0.0798411011022212
182,0.9216666666666666,0.050411988,0.006890803000833556,0.008060551170914754,0.08011896178803168
183,0.925,0.049406473,0.006779661016949157,0.007633587786259555,0.0798411011022212
184,0.9183333333333333,0.04897737,0.013670464017782713,0.01569413895717431,0.08089836660617056
185,0.9266666666666666,0.044418592,0.003389830508474523,0.003816793893129722,0.07945801271328201
186,0.9216666666666666,0.0485928,0.006890803000833556,0.008060551170914754,0.08011896178803168
187,0.9233333333333333,0.046390437,0.01016949152542368,0.011450381679389277,0.08022681338423532
188,0.9283333333333333,0.045597125,0.0,0.0,0.07907752153375935
189,0.9283333333333333,0.04559671,0.0,0.0,0.07907752153375935
190,0.9266666666666666,0.04639346,0.003389830508474523,0.003816793893129722,0.07945801271328201
191,0.9266666666666666,0.05023784,0.003389830508474523,0.003816793893129722,0.07945801271328201
192,0.9216666666666666,0.046363145,0.013559322033898313,0.01526717557251911,0.08061517660976847
193,0.9233333333333333,0.045743987,0.01016949152542368,0.011450381679389277,0.08022681338423532
194,0.9233333333333333,0.0478561,0.01016949152542368,0.011450381679389277,0.08022681338423532
195,0.9233333333333333,0.0478561,0.01016949152542368,0.011450381679389277,0.08022681338423532
196,0.925,0.045225848,0.006779661016949157,0.007633587786259555,0.0798411011022212
197,0.925,0.045225848,0.006779661016949157,0.007633587786259555,0.0798411011022212
198,0.925,0.045225848,0.006779661016949157,0.007633587786259555,0.0798411011022212
199,0.9233333333333333,0.04724866,0.01016949152542368,0.011450381679389277,0.08022681338423532
200,0.9233333333333333,0.047248296,0.01016949152542368,0.011450381679389277,0.08022681338423532
201,0.9266666666666666,0.043207683,0.003389830508474523,0.003816793893129722,0.07945801271328201
202,0.9233333333333333,0.04368876,0.01016949152542368,0.011450381679389277,0.08022681338423532
203,0.9233333333333333,0.043689027,0.01016949152542368,0.011450381679389277,0.08022681338423532
204,0.9233333333333333,0.043689027,0.01016949152542368,0.011450381679389277,0.08022681338423532
205,0.925,0.04633482,0.006779661016949157,0.007633587786259555,0.0798411011022212
206,0.9266666666666666,0.041649997,0.01016949152542368,0.007633587786259555,0.07680215584998873
207,0.925,0.04503043,0.006779661016949157,0.007633587786259555,0.0798411011022212
208,0.9266666666666666,0.047279608,0.01016949152542368,0.007633587786259555,0.07680215584998873
209,0.925,0.046521604,0.013559322033898313,0.011450381679389277,0.07717875049292999
210,0.9283333333333333,0.04590945,0.006779661016949157,0.003816793893129722,0.0764281318189447
211,0.9266666666666666,0.04735461,0.0035009724923590335,0.000426963384655199,0.07632028022274107
212,0.9266666666666666,0.04683169,0.0035009724923590335,0.000426963384655199,0.07632028022274107
213,0.9266666666666666,0.048029773,0.0035009724923590335,0.000426963384655199,0.07632028022274107
214,0.9266666666666666,0.045610327,0.01016949152542368,0.007633587786259555,0.07680215584998873
215,0.925,0.045684148,0.013559322033898313,0.011450381679389277,0.07717875049292999
216,0.9266666666666666,0.04770978,0.01016949152542368,0.007633587786259555,0.07680215584998873
217,0.925,0.047997784,0.013559322033898313,0.011450381679389277,0.07717875049292999
218,0.925,0.047997594,0.013559322033898313,0.011450381679389277,0.07717875049292999
219,0.925,0.047997486,0.013559322033898313,0.011450381679389277,0.07717875049292999
220,0.925,0.047997486,0.013559322033898313,0.011450381679389277,0.07717875049292999
221,0.925,0.047991022,0.013559322033898313,0.011450381679389277,0.07717875049292999
222,0.925,0.045975603,0.006779661016949157,0.007633587786259555,0.0798411011022212
223,0.925,0.049255423,0.013559322033898313,0.011450381679389277,0.07717875049292999
224,0.9266666666666666,0.04745936,0.01016949152542368,0.007633587786259555,0.07680215584998873
225,0.9266666666666666,0.047770616,0.003389830508474523,0.003816793893129722,0.07945801271328201
226,0.9233333333333333,0.047737762,0.016949152542372836,0.01526717557251911,0.07755794234030522
227,0.9266666666666666,0.044113565,0.01016949152542368,0.007633587786259555,0.07680215584998873
228,0.9266666666666666,0.044113565,0.01016949152542368,0.007633587786259555,0.07680215584998873
229,0.925,0.046752404,0.013559322033898313,0.011450381679389277,0.07717875049292999
230,0.9216666666666666,0.047071833,0.02033898305084747,0.01908396946564883,0.07793975835271427
231,0.9283333333333333,0.04919791,0.006779661016949157,0.003816793893129722,0.0764281318189447
232,0.925,0.04580946,0.006779661016949157,0.007633587786259555,0.0798411011022212
233,0.925,0.045840874,0.006779661016949157,0.007633587786259555,0.0798411011022212
234,0.9233333333333333,0.046780568,0.016949152542372836,0.01526717557251911,0.07755794234030522
235,0.9266666666666666,0.04751381,0.01016949152542368,0.007633587786259555,0.07680215584998873
236,0.9233333333333333,0.046804424,0.01016949152542368,0.011450381679389277,0.08022681338423532
237,0.9283333333333333,0.049400542,0.006779661016949157,0.003816793893129722,0.0764281318189447
238,0.925,0.05059826,0.013559322033898313,0.011450381679389277,0.07717875049292999
239,0.9266666666666666,0.045801755,0.003389830508474523,0.003816793893129722,0.07945801271328201
240,0.925,0.04861586,0.006779661016949157,0.007633587786259555,0.0798411011022212
241,0.925,0.04833812,0.006779661016949157,0.007633587786259555,0.0798411011022212
242,0.925,0.04833812,0.006779661016949157,0.007633587786259555,0.0798411011022212
243,0.925,0.04235271,0.006779661016949157,0.007633587786259555,0.0798411011022212
244,0.9233333333333333,0.04536851,0.01016949152542368,0.011450381679389277,0.08022681338423532
245,0.925,0.045007672,0.006779661016949157,0.007633587786259555,0.0798411011022212
246,0.9233333333333333,0.0466856,0.01016949152542368,0.011450381679389277,0.08022681338423532
247,0.9233333333333333,0.043420665,0.0035009724923590335,0.004243757277785032,0.07973324950601757
248,0.9266666666666666,0.043082763,0.003389830508474523,0.003816793893129722,0.07945801271328201
249,0.9266666666666666,0.043082763,0.003389830508474523,0.003816793893129722,0.07945801271328201
250,0.92,0.042038962,0.016949152542372836,0.01908396946564883,0.08100621820237419
251,0.9183333333333333,0.043728452,0.02033898305084747,0.022900763358778664,0.08139996596517096
252,0.9183333333333333,0.043728217,0.02033898305084747,0.022900763358778664,0.08139996596517096
253,0.925,0.0406035,0.006779661016949157,0.007633587786259555,0.0798411011022212
254,0.9233333333333333,0.042180218,0.01016949152542368,0.011450381679389277,0.08022681338423532
255,0.9233333333333333,0.042180657,0.01016949152542368,0.011450381679389277,0.08022681338423532
256,0.9266666666666666,0.042587236,0.003389830508474523,0.003816793893129722,0.07945801271328201
257,0.9266666666666666,0.04556392,0.003389830508474523,0.003816793893129722,0.07945801271328201
258,0.9266666666666666,0.046146777,0.01016949152542368,0.007633587786259555,0.07680215584998873
259,0.9233333333333333,0.044485927,0.01016949152542368,0.011450381679389277,0.08022681338423532
260,0.9233333333333333,0.044485766,0.01016949152542368,0.011450381679389277,0.08022681338423532
261,0.925,0.04225284,0.006779661016949157,0.007633587786259555,0.0798411011022212
262,0.925,0.045147896,0.006779661016949157,0.007633587786259555,0.0798411011022212
263,0.925,0.044978783,0.006779661016949157,0.007633587786259555,0.0798411011022212
264,0.9233333333333333,0.04367747,0.01016949152542368,0.011450381679389277,0.08022681338423532
265,0.925,0.042699914,0.006779661016949157,0.007633587786259555,0.0798411011022212
266,0.9233333333333333,0.044453677,0.01016949152542368,0.011450381679389277,0.08022681338423532
267,0.9233333333333333,0.04348897,0.01016949152542368,0.011450381679389277,0.08022681338423532
268,0.9233333333333333,0.042401224,0.01016949152542368,0.011450381679389277,0.08022681338423532
269,0.9266666666666666,0.044118654,0.003389830508474523,0.003816793893129722,0.07945801271328201
270,0.925,0.045667853,0.006779661016949157,0.007633587786259555,0.0798411011022212
271,0.9233333333333333,0.043090165,0.01016949152542368,0.011450381679389277,0.08022681338423532
272,0.9233333333333333,0.04308898,0.01016949152542368,0.011450381679389277,0.08022681338423532
273,0.9233333333333333,0.04308874,0.01016949152542368,0.011450381679389277,0.08022681338423532
274,0.925,0.042606317,0.006779661016949157,0.007633587786259555,0.0798411011022212
275,0.9216666666666666,0.041079294,0.013559322033898313,0.01526717557251911,0.08061517660976847
276,0.925,0.044375237,0.006779661016949157,0.007633587786259555,0.0798411011022212
277,0.9233333333333333,0.039456945,0.01016949152542368,0.011450381679389277,0.08022681338423532
278,0.9233333333333333,0.039457105,0.01016949152542368,0.011450381679389277,0.08022681338423532
279,0.925,0.042519554,0.006779661016949157,0.007633587786259555,0.0798411011022212
280,0.9216666666666666,0.04120108,0.013559322033898313,0.01526717557251911,0.08061517660976847
281,0.9216666666666666,0.041791108,0.013559322033898313,0.01526717557251911,0.08061517660976847
282,0.9216666666666666,0.041791108,0.013559322033898313,0.01526717557251911,0.08061517660976847
283,0.9216666666666666,0.043999355,0.013559322033898313,0.01526717557251911,0.08061517660976847
284,0.925,0.04113758,0.006779661016949157,0.007633587786259555,0.0798411011022212
285,0.9266666666666666,0.041384514,0.003389830508474523,0.003816793893129722,0.07945801271328201
286,0.9266666666666666,0.041386332,0.003389830508474523,0.003816793893129722,0.07945801271328201
287,0.9233333333333333,0.04014223,0.01016949152542368,0.011450381679389277,0.08022681338423532
288,0.9266666666666666,0.041497372,0.003389830508474523,0.003816793893129722,0.07945801271328201
289,0.9266666666666666,0.041497372,0.003389830508474523,0.003816793893129722,0.07945801271328201
290,0.925,0.04080718,0.006779661016949157,0.007633587786259555,0.0798411011022212
291,0.925,0.038658645,0.006779661016949157,0.007633587786259555,0.0798411011022212
292,0.925,0.035940364,0.006779661016949157,0.007633587786259555,0.0798411011022212
293,0.925,0.038429514,0.006779661016949157,0.007633587786259555,0.0798411011022212
294,0.925,0.038429514,0.006779661016949157,0.007633587786259555,0.0798411011022212
295,0.925,0.038429487,0.006779661016949157,0.007633587786259555,0.0798411011022212
296,0.9266666666666666,0.036145374,0.003389830508474523,0.003816793893129722,0.07945801271328201
297,0.925,0.041911367,0.006779661016949157,0.007633587786259555,0.0798411011022212
298,0.925,0.03995242,0.006779661016949157,0.007633587786259555,0.0798411011022212
299,0.925,0.040335286,0.013559322033898313,0.011450381679389277,0.07717875049292999
300,0.9266666666666666,0.03822367,0.003389830508474523,0.003816793893129722,0.07945801271328201
301,0.9266666666666666,0.038223736,0.003389830508474523,0.003816793893129722,0.07945801271328201
302,0.9216666666666666,0.036776673,0.013559322033898313,0.01526717557251911,0.08061517660976847
303,0.925,0.03863184,0.006779661016949157,0.007633587786259555,0.0798411011022212
304,0.9266666666666666,0.039124478,0.003389830508474523,0.003816793893129722,0.07945801271328201
305,0.9266666666666666,0.039124478,0.003389830508474523,0.003816793893129722,0.07945801271328201
306,0.9233333333333333,0.03726507,0.01016949152542368,0.011450381679389277,0.08022681338423532
307,0.9216666666666666,0.03902718,0.013559322033898313,0.01526717557251911,0.08061517660976847
308,0.9216666666666666,0.03748731,0.013559322033898313,0.01526717557251911,0.08061517660976847
309,0.9233333333333333,0.039473414,0.01016949152542368,0.011450381679389277,0.08022681338423532
310,0.9233333333333333,0.039473414,0.01016949152542368,0.011450381679389277,0.08022681338423532
311,0.9216666666666666,0.037683424,0.013559322033898313,0.01526717557251911,0.08061517660976847
312,0.925,0.041287802,0.006779661016949157,0.007633587786259555,0.0798411011022212
313,0.9283333333333333,0.03933266,0.0,0.0,0.07907752153375935
314,0.925,0.041969724,0.013559322033898313,0.011450381679389277,0.07717875049292999
315,0.9283333333333333,0.038790066,0.0,0.0,0.07907752153375935
316,0.9266666666666666,0.038202398,0.003389830508474523,0.003816793893129722,0.07945801271328201
317,0.9283333333333333,0.04365834,0.006779661016949157,0.003816793893129722,0.0764281318189447
318,0.925,0.039256282,0.006779661016949157,0.007633587786259555,0.0798411011022212
319,0.9216666666666666,0.044019207,0.02033898305084747,0.01908396946564883,0.07793975835271427
320,0.9266666666666666,0.040413145,0.003389830508474523,0.003816793893129722,0.07945801271328201
321,0.9266666666666666,0.041523367,0.003389830508474523,0.003816793893129722,0.07945801271328201
322,0.9266666666666666,0.04152331,0.003389830508474523,0.003816793893129722,0.07945801271328201
323,0.9283333333333333,0.04206312,0.006779661016949157,0.003816793893129722,0.0764281318189447
324,0.9283333333333333,0.043949507,0.0,0.0,0.07907752153375935
325,0.9283333333333333,0.04088886,0.0,0.0,0.07907752153375935
326,0.9283333333333333,0.04088896,0.0,0.0,0.07907752153375935
327,0.9283333333333333,0.04106575,0.0,0.0,0.07907752153375935
328,0.9266666666666666,0.04058244,0.003389830508474523,0.003816793893129722,0.07945801271328201
329,0.9266666666666666,0.04058244,0.003389830508474523,0.003816793893129722,0.07945801271328201
330,0.9266666666666666,0.040814467,0.003389830508474523,0.003816793893129722,0.07945801271328201
331,0.9283333333333333,0.041207824,0.0,0.0,0.07907752153375935
332,0.9233333333333333,0.038996905,0.01016949152542368,0.011450381679389277,0.08022681338423532
333,0.925,0.03992481,0.006779661016949157,0.007633587786259555,0.0798411011022212
334,0.925,0.03992481,0.006779661016949157,0.007633587786259555,0.0798411011022212
335,0.9266666666666666,0.04038793,0.003389830508474523,0.003816793893129722,0.07945801271328201
336,0.925,0.041619506,0.006779661016949157,0.007633587786259555,0.0798411011022212
337,0.925,0.041619506,0.006779661016949157,0.007633587786259555,0.0798411011022212
338,0.925,0.041619506,0.006779661016949157,0.007633587786259555,0.0798411011022212
339,0.9283333333333333,0.0430441,0.0,0.0,0.07907752153375935
340,0.9233333333333333,0.041618302,0.01016949152542368,0.011450381679389277,0.08022681338423532
341,0.9233333333333333,0.039883304,0.01016949152542368,0.011450381679389277,0.08022681338423532
342,0.9266666666666666,0.04037168,0.003389830508474523,0.003816793893129722,0.07945801271328201
343,0.9283333333333333,0.039263755,0.0,0.0,0.07907752153375935
344,0.9266666666666666,0.040594183,0.003389830508474523,0.003816793893129722,0.07945801271328201
345,0.9266666666666666,0.038236752,0.003389830508474523,0.003816793893129722,0.07945801271328201
346,0.9266666666666666,0.03823672,0.003389830508474523,0.003816793893129722,0.07945801271328201
347,0.9266666666666666,0.038237344,0.003389830508474523,0.003816793893129722,0.07945801271328201
348,0.9266666666666666,0.041592408,0.003389830508474523,0.003816793893129722,0.07945801271328201
349,0.9266666666666666,0.03987327,0.003389830508474523,0.003816793893129722,0.07945801271328201
350,0.9266666666666666,0.039238364,0.003389830508474523,0.003816793893129722,0.07945801271328201
351,0.9266666666666666,0.039981555,0.003389830508474523,0.003816793893129722,0.07945801271328201
352,0.9266666666666666,0.036452975,0.003389830508474523,0.003816793893129722,0.07945801271328201
353,0.925,0.040196978,0.006779661016949157,0.007633587786259555,0.0798411011022212
354,0.925,0.039729062,0.006779661016949157,0.007633587786259555,0.0798411011022212
355,0.925,0.03972917,0.006779661016949157,0.007633587786259555,0.0798411011022212
356,0.925,0.039998066,0.006779661016949157,0.007633587786259555,0.0798411011022212
357,0.925,0.039998066,0.006779661016949157,0.007633587786259555,0.0798411011022212
358,0.9266666666666666,0.038604036,0.003389830508474523,0.003816793893129722,0.07945801271328201
359,0.9266666666666666,0.042156044,0.003389830508474523,0.003816793893129722,0.07945801271328201
360,0.925,0.040103283,0.006779661016949157,0.007633587786259555,0.0798411011022212
361,0.9266666666666666,0.041251555,0.003389830508474523,0.003816793893129722,0.07945801271328201
362,0.925,0.042318787,0.006779661016949157,0.007633587786259555,0.0798411011022212
363,0.9283333333333333,0.03998849,0.0,0.0,0.07907752153375935
364,0.9283333333333333,0.03998849,0.0,0.0,0.07907752153375935
365,0.925,0.042228773,0.006779661016949157,0.007633587786259555,0.0798411011022212
366,0.9283333333333333,0.0405325,0.0,0.0,0.07907752153375935
367,0.9266666666666666,0.03804325,0.003389830508474523,0.003816793893129722,0.07945801271328201
368,0.9266666666666666,0.039005738,0.003389830508474523,0.003816793893129722,0.07945801271328201
369,0.9216666666666666,0.040095363,0.006890803000833556,0.008060551170914754,0.08011896178803168
370,0.9233333333333333,0.036157444,0.0035009724923590335,0.004243757277785032,0.07973324950601757
371,0.9266666666666666,0.03618682,0.003389830508474523,0.003816793893129722,0.07945801271328201
372,0.9266666666666666,0.04087345,0.003389830508474523,0.003816793893129722,0.07945801271328201
373,0.925,0.037717234,0.006779661016949157,0.007633587786259555,0.0798411011022212
374,0.925,0.037500218,0.006779661016949157,0.007633587786259555,0.0798411011022212
375,0.9233333333333333,0.037350196,0.01016949152542368,0.011450381679389277,0.08022681338423532
376,0.9233333333333333,0.03735056,0.01016949152542368,0.011450381679389277,0.08022681338423532
377,0.925,0.036879107,0.006779661016949157,0.007633587786259555,0.0798411011022212
378,0.9266666666666666,0.036816273,0.003389830508474523,0.003816793893129722,0.07945801271328201
379,0.9266666666666666,0.036816273,0.003389830508474523,0.003816793893129722,0.07945801271328201
380,0.925,0.037268586,0.006779661016949157,0.007633587786259555,0.0798411011022212
381,0.9266666666666666,0.036942866,0.003389830508474523,0.003816793893129722,0.07945801271328201
382,0.9233333333333333,0.037719388,0.01016949152542368,0.011450381679389277,0.08022681338423532
383,0.9233333333333333,0.03648733,0.01016949152542368,0.011450381679389277,0.08022681338423532
384,0.9266666666666666,0.035864893,0.003389830508474523,0.003816793893129722,0.07945801271328201
385,0.9283333333333333,0.033932827,0.0,0.0,0.07907752153375935
386,0.9283333333333333,0.033932064,0.0,0.0,0.07907752153375935
387,0.9266666666666666,0.03509301,0.003389830508474523,0.003816793893129722,0.07945801271328201
388,0.9266666666666666,0.036141403,0.003389830508474523,0.003816793893129722,0.07945801271328201
389,0.9233333333333333,0.03702371,0.01016949152542368,0.011450381679389277,0.08022681338423532
390,0.925,0.03614062,0.006779661016949157,0.007633587786259555,0.0798411011022212
391,0.925,0.03832677,0.006779661016949157,0.007633587786259555,0.0798411011022212
392,0.925,0.035016034,0.00011114198388439966,0.000426963384655199,0.07935016111707838
393,0.925,0.035016034,0.00011114198388439966,0.000426963384655199,0.07935016111707838
394,0.9266666666666666,0.03232066,0.003278688524590123,0.003389830508474523,0.07896966993755572
395,0.925,0.037023123,0.006779661016949157,0.007633587786259555,0.0798411011022212
396,0.9266666666666666,0.03477597,0.003389830508474523,0.003816793893129722,0.07945801271328201
397,0.925,0.0393675,0.006779661016949157,0.007633587786259555,0.0798411011022212
398,0.925,0.039367165,0.006779661016949157,0.007633587786259555,0.0798411011022212
399,0.9266666666666666,0.036982916,0.003389830508474523,0.003816793893129722,0.07945801271328201
400,0.9266666666666666,0.036982916,0.003389830508474523,0.003816793893129722,0.07945801271328201
401,0.9266666666666666,0.035192426,0.003389830508474523,0.003816793893129722,0.07945801271328201
402,0.9266666666666666,0.03519256,0.003389830508474523,0.003816793893129722,0.07945801271328201
403,0.925,0.035656847,0.006779661016949157,0.007633587786259555,0.0798411011022212
404,0.925,0.035656847,0.006779661016949157,0.007633587786259555,0.0798411011022212
405,0.925,0.035340928,0.006779661016949157,0.007633587786259555,0.0798411011022212
406,0.925,0.038568996,0.006779661016949157,0.007633587786259555,0.0798411011022212
407,0.9233333333333333,0.037446257,0.01016949152542368,0.011450381679389277,0.08022681338423532
408,0.925,0.038400378,0.006779661016949157,0.007633587786259555,0.0798411011022212
409,0.9233333333333333,0.038248163,0.01016949152542368,0.011450381679389277,0.08022681338423532
410,0.9233333333333333,0.038087558,0.01016949152542368,0.011450381679389277,0.08022681338423532
411,0.9233333333333333,0.038087558,0.01016949152542368,0.011450381679389277,0.08022681338423532
412,0.9233333333333333,0.038087558,0.01016949152542368,0.011450381679389277,0.08022681338423532
413,0.9266666666666666,0.036232006,0.003389830508474523,0.003816793893129722,0.07945801271328201
414,0.925,0.033938944,0.006779661016949157,0.007633587786259555,0.0798411011022212
415,0.925,0.038207073,0.006779661016949157,0.007633587786259555,0.0798411011022212
416,0.925,0.038203057,0.006779661016949157,0.007633587786259555,0.0798411011022212
417,0.9266666666666666,0.03664805,0.003389830508474523,0.003816793893129722,0.07945801271328201
418,0.9266666666666666,0.03664805,0.003389830508474523,0.003816793893129722,0.07945801271328201
419,0.9266666666666666,0.037268594,0.003389830508474523,0.003816793893129722,0.07945801271328201
420,0.9266666666666666,0.037268594,0.003389830508474523,0.003816793893129722,0.07945801271328201
421,0.9266666666666666,0.034954917,0.003389830508474523,0.003816793893129722,0.07945801271328201
422,0.925,0.03635797,0.006779661016949157,0.007633587786259555,0.0798411011022212
423,0.9266666666666666,0.03695387,0.003389830508474523,0.003816793893129722,0.07945801271328201
424,0.9266666666666666,0.035712868,0.003389830508474523,0.003816793893129722,0.07945801271328201
425,0.9233333333333333,0.036241252,0.01016949152542368,0.011450381679389277,0.08022681338423532
426,0.9266666666666666,0.034602657,0.003389830508474523,0.003816793893129722,0.07945801271328201
427,0.9233333333333333,0.03721025,0.01016949152542368,0.011450381679389277,0.08022681338423532
428,0.9233333333333333,0.037384413,0.01016949152542368,0.011450381679389277,0.08022681338423532
429,0.925,0.03733691,0.006779661016949157,0.007633587786259555,0.0798411011022212
430,0.925,0.03957718,0.006779661016949157,0.007633587786259555,0.0798411011022212
431,0.925,0.03957718,0.006779661016949157,0.007633587786259555,0.0798411011022212
432,0.9266666666666666,0.036496222,0.003389830508474523,0.003816793893129722,0.07945801271328201
433,0.9266666666666666,0.03649788,0.003389830508474523,0.003816793893129722,0.07945801271328201
434,0.9266666666666666,0.033721197,0.003389830508474523,0.003816793893129722,0.07945801271328201
435,0.9266666666666666,0.035168875,0.003389830508474523,0.003816793893129722,0.07945801271328201
436,0.9266666666666666,0.035169493,0.003389830508474523,0.003816793893129722,0.07945801271328201
437,0.9266666666666666,0.035911985,0.003389830508474523,0.003816793893129722,0.07945801271328201
438,0.9266666666666666,0.03759711,0.003389830508474523,0.003816793893129722,0.07945801271328201
439,0.9266666666666666,0.039535012,0.003389830508474523,0.003816793893129722,0.07945801271328201
440,0.9266666666666666,0.039535012,0.003389830508474523,0.003816793893129722,0.07945801271328201
441,0.9266666666666666,0.040868953,0.003389830508474523,0.003816793893129722,0.07945801271328201
442,0.9266666666666666,0.03615973,0.003389830508474523,0.003816793893129722,0.07945801271328201
443,0.9266666666666666,0.036160775,0.003389830508474523,0.003816793893129722,0.07945801271328201
444,0.9266666666666666,0.036160775,0.003389830508474523,0.003816793893129722,0.07945801271328201
445,0.9266666666666666,0.03551757,0.003389830508474523,0.003816793893129722,0.07945801271328201
446,0.9266666666666666,0.03610997,0.003389830508474523,0.003816793893129722,0.07945801271328201
447,0.9266666666666666,0.035251584,0.003389830508474523,0.003816793893129722,0.07945801271328201
448,0.9266666666666666,0.035251584,0.003389830508474523,0.003816793893129722,0.07945801271328201
449,0.925,0.037837926,0.006779661016949157,0.007633587786259555,0.0798411011022212
450,0.925,0.037837926,0.006779661016949157,0.007633587786259555,0.0798411011022212
451,0.9216666666666666,0.036871627,0.013559322033898313,0.01526717557251911,0.08061517660976847
452,0.925,0.037294794,0.006779661016949157,0.007633587786259555,0.0798411011022212
453,0.925,0.037294984,0.006779661016949157,0.007633587786259555,0.0798411011022212
454,0.925,0.033672217,0.006779661016949157,0.007633587786259555,0.0798411011022212
455,0.925,0.03367217,0.006779661016949157,0.007633587786259555,0.0798411011022212
456,0.9266666666666666,0.034667443,0.003389830508474523,0.003816793893129722,0.07945801271328201
457,0.9233333333333333,0.037146084,0.01016949152542368,0.011450381679389277,0.08022681338423532
458,0.9233333333333333,0.037422247,0.01016949152542368,0.011450381679389277,0.08022681338423532
459,0.9266666666666666,0.036609415,0.003389830508474523,0.003816793893129722,0.07945801271328201
460,0.9216666666666666,0.036174,0.013559322033898313,0.01526717557251911,0.08061517660976847
461,0.9216666666666666,0.036174133,0.013559322033898313,0.01526717557251911,0.08061517660976847
462,0.92,0.035929553,0.016949152542372836,0.01908396946564883,0.08100621820237419
463,0.92,0.035928655,0.016949152542372836,0.01908396946564883,0.08100621820237419
464,0.925,0.036684334,0.006779661016949157,0.007633587786259555,0.0798411011022212
465,0.9266666666666666,0.036556914,0.003389830508474523,0.003816793893129722,0.07945801271328201
466,0.925,0.036250558,0.006779661016949157,0.007633587786259555,0.0798411011022212
467,0.9233333333333333,0.033019345,0.01016949152542368,0.011450381679389277,0.08022681338423532
468,0.9233333333333333,0.033019345,0.01016949152542368,0.011450381679389277,0.08022681338423532
469,0.9233333333333333,0.033019435,0.01016949152542368,0.011450381679389277,0.08022681338423532
470,0.9233333333333333,0.035343572,0.01016949152542368,0.011450381679389277,0.08022681338423532
471,0.9216666666666666,0.03653357,0.013559322033898313,0.01526717557251911,0.08061517660976847
472,0.9216666666666666,0.036801174,0.013559322033898313,0.01526717557251911,0.08061517660976847
473,0.9216666666666666,0.036800765,0.013559322033898313,0.01526717557251911,0.08061517660976847
474,0.925,0.03433958,0.006779661016949157,0.007633587786259555,0.0798411011022212
475,0.9216666666666666,0.033782788,0.013559322033898313,0.01526717557251911,0.08061517660976847
476,0.925,0.035768617,0.006779661016949157,0.007633587786259555,0.0798411011022212
477,0.9216666666666666,0.038946375,0.013559322033898313,0.01526717557251911,0.08061517660976847
478,0.9233333333333333,0.036832176,0.01016949152542368,0.011450381679389277,0.08022681338423532
479,0.925,0.03574429,0.006779661016949157,0.007633587786259555,0.0798411011022212
480,0.9266666666666666,0.033353318,0.003389830508474523,0.003816793893129722,0.07945801271328201
481,0.9233333333333333,0.036670074,0.01016949152542368,0.011450381679389277,0.08022681338423532
482,0.9233333333333333,0.036048736,0.01016949152542368,0.011450381679389277,0.08022681338423532
483,0.9233333333333333,0.03523032,0.01016949152542368,0.011450381679389277,0.08022681338423532
484,0.9233333333333333,0.03436423,0.01016949152542368,0.011450381679389277,0.08022681338423532
485,0.9233333333333333,0.03310835,0.01016949152542368,0.011450381679389277,0.08022681338423532
486,0.9233333333333333,0.033108488,0.01016949152542368,0.011450381679389277,0.08022681338423532
487,0.925,0.03186063,0.006779661016949157,0.007633587786259555,0.0798411011022212
488,0.925,0.03186063,0.006779661016949157,0.007633587786259555,0.0798411011022212
489,0.925,0.033343717,0.006779661016949157,0.007633587786259555,0.0798411011022212
490,0.9266666666666666,0.034272913,0.003389830508474523,0.003816793893129722,0.07945801271328201
491,0.925,0.033107273,0.006779661016949157,0.007633587786259555,0.0798411011022212
492,0.9266666666666666,0.032574404,0.003389830508474523,0.003816793893129722,0.07945801271328201
493,0.9266666666666666,0.032574393,0.003389830508474523,0.003816793893129722,0.07945801271328201
494,0.9266666666666666,0.032910842,0.003389830508474523,0.003816793893129722,0.07945801271328201
495,0.925,0.035501968,0.006779661016949157,0.007633587786259555,0.0798411011022212
496,0.9283333333333333,0.03521516,0.0,0.0,0.07907752153375935
497,0.9283333333333333,0.03521516,0.0,0.0,0.07907752153375935
498,0.9233333333333333,0.034850672,0.01016949152542368,0.011450381679389277,0.08022681338423532
499,0.9233333333333333,0.034850672,0.01016949152542368,0.011450381679389277,0.08022681338423532
500,0.9233333333333333,0.034850586,0.01016949152542368,0.011450381679389277,0.08022681338423532
501,0.9233333333333333,0.034850586,0.01016949152542368,0.011450381679389277,0.08022681338423532
502,0.9233333333333333,0.034850534,0.01016949152542368,0.011450381679389277,0.08022681338423532
503,0.9266666666666666,0.036216117,0.003389830508474523,0.003816793893129722,0.07945801271328201
504,0.9266666666666666,0.03621726,0.003389830508474523,0.003816793893129722,0.07945801271328201
505,0.925,0.034653652,0.006779661016949157,0.007633587786259555,0.0798411011022212
506,0.9283333333333333,0.03277076,0.0,0.0,0.07907752153375935
507,0.925,0.033479568,0.006779661016949157,0.007633587786259555,0.0798411011022212
508,0.925,0.033479568,0.006779661016949157,0.007633587786259555,0.0798411011022212
509,0.925,0.033407446,0.006779661016949157,0.007633587786259555,0.0798411011022212
510,0.925,0.03755213,0.006779661016949157,0.007633587786259555,0.0798411011022212
511,0.925,0.03755213,0.006779661016949157,0.007633587786259555,0.0798411011022212
512,0.9233333333333333,0.034735367,0.01016949152542368,0.011450381679389277,0.08022681338423532
513,0.9233333333333333,0.034735367,0.01016949152542368,0.011450381679389277,0.08022681338423532
514,0.925,0.037957095,0.006779661016949157,0.007633587786259555,0.0798411011022212
515,0.9233333333333333,0.03137792,0.01016949152542368,0.011450381679389277,0.08022681338423532
516,0.9233333333333333,0.03137792,0.01016949152542368,0.011450381679389277,0.08022681338423532
517,0.9233333333333333,0.03215483,0.01016949152542368,0.011450381679389277,0.08022681338423532
518,0.925,0.031492636,0.006779661016949157,0.007633587786259555,0.0798411011022212
519,0.925,0.032238953,0.006779661016949157,0.007633587786259555,0.0798411011022212
520,0.925,0.03223907,0.006779661016949157,0.007633587786259555,0.0798411011022212
521,0.925,0.032762114,0.006779661016949157,0.007633587786259555,0.0798411011022212
522,0.925,0.03260418,0.006779661016949157,0.007633587786259555,0.0798411011022212
523,0.925,0.0319123,0.006779661016949157,0.007633587786259555,0.0798411011022212
524,0.925,0.031912066,0.006779661016949157,0.007633587786259555,0.0798411011022212
525,0.925,0.031912066,0.006779661016949157,0.007633587786259555,0.0798411011022212
526,0.9233333333333333,0.033789556,0.01016949152542368,0.011450381679389277,0.08022681338423532
527,0.925,0.0329401,0.006779661016949157,0.007633587786259555,0.0798411011022212
528,0.9233333333333333,0.032618225,0.01016949152542368,0.011450381679389277,0.08022681338423532
529,0.9266666666666666,0.030015932,0.003389830508474523,0.003816793893129722,0.07945801271328201
530,0.9233333333333333,0.030131498,0.01016949152542368,0.011450381679389277,0.08022681338423532
531,0.9283333333333333,0.032603454,0.0,0.0,0.07907752153375935
532,0.9283333333333333,0.030161628,0.0,0.0,0.07907752153375935
533,0.9266666666666666,0.032271963,0.003389830508474523,0.003816793893129722,0.07945801271328201
534,0.9266666666666666,0.033571288,0.003389830508474523,0.003816793893129722,0.07945801271328201
535,0.9266666666666666,0.033894386,0.003389830508474523,0.003816793893129722,0.07945801271328201
536,0.925,0.033324707,0.006779661016949157,0.007633587786259555,0.0798411011022212
537,0.925,0.033324633,0.006779661016949157,0.007633587786259555,0.0798411011022212
538,0.925,0.031696435,0.006779661016949157,0.007633587786259555,0.0798411011022212
539,0.925,0.031696435,0.006779661016949157,0.007633587786259555,0.0798411011022212
540,0.925,0.032759078,0.006779661016949157,0.007633587786259555,0.0798411011022212
541,0.925,0.032759078,0.006779661016949157,0.007633587786259555,0.0798411011022212
542,0.925,0.032759078,0.006779661016949157,0.007633587786259555,0.0798411011022212
543,0.9266666666666666,0.032102626,0.003389830508474523,0.003816793893129722,0.07945801271328201
544,0.9266666666666666,0.03155119,0.003389830508474523,0.003816793893129722,0.07945801271328201
545,0.9266666666666666,0.03155119,0.003389830508474523,0.003816793893129722,0.07945801271328201
546,0.9266666666666666,0.030977275,0.003389830508474523,0.003816793893129722,0.07945801271328201
547,0.925,0.032353744,0.006779661016949157,0.007633587786259555,0.0798411011022212
548,0.925,0.031374186,0.006779661016949157,0.007633587786259555,0.0798411011022212
549,0.9233333333333333,0.032811176,0.01016949152542368,0.011450381679389277,0.08022681338423532
550,0.9266666666666666,0.032573197,0.003389830508474523,0.003816793893129722,0.07945801271328201
551,0.9266666666666666,0.032573197,0.003389830508474523,0.003816793893129722,0.07945801271328201
552,0.9266666666666666,0.032573197,0.003389830508474523,0.003816793893129722,0.07945801271328201
553,0.9266666666666666,0.032613486,0.003389830508474523,0.003816793893129722,0.07945801271328201
554,0.925,0.030911198,0.006779661016949157,0.007633587786259555,0.0798411011022212
555,0.9283333333333333,0.03299311,0.0,0.0,0.07907752153375935
556,0.9266666666666666,0.03248271,0.003389830508474523,0.003816793893129722,0.07945801271328201
557,0.9266666666666666,0.03248271,0.003389830508474523,0.003816793893129722,0.07945801271328201
558,0.9266666666666666,0.03161508,0.003389830508474523,0.003816793893129722,0.07945801271328201
559,0.9266666666666666,0.03234952,0.003389830508474523,0.003816793893129722,0.07945801271328201
560,0.9266666666666666,0.032349784,0.003389830508474523,0.003816793893129722,0.07945801271328201
561,0.9266666666666666,0.03204856,0.003389830508474523,0.003816793893129722,0.07945801271328201
562,0.9266666666666666,0.03204856,0.003389830508474523,0.003816793893129722,0.07945801271328201
563,0.9283333333333333,0.031498116,0.0,0.0,0.07907752153375935
564,0.9283333333333333,0.031498116,0.0,0.0,0.07907752153375935
565,0.9283333333333333,0.029343762,0.0,0.0,0.07907752153375935
566,0.9283333333333333,0.029452005,0.0,0.0,0.07907752153375935
567,0.9283333333333333,0.029452005,0.0,0.0,0.07907752153375935
568,0.9266666666666666,0.030224396,0.003389830508474523,0.003816793893129722,0.07945801271328201
569,0.9266666666666666,0.030224396,0.003389830508474523,0.003816793893129722,0.07945801271328201
570,0.9266666666666666,0.030224383,0.003389830508474523,0.003816793893129722,0.07945801271328201
571,0.9266666666666666,0.030224383,0.003389830508474523,0.003816793893129722,0.07945801271328201
572,0.9266666666666666,0.030054498,0.003389830508474523,0.003816793893129722,0.07945801271328201
573,0.9266666666666666,0.030054498,0.003389830508474523,0.003816793893129722,0.07945801271328201
574,0.9266666666666666,0.031059284,0.003389830508474523,0.003816793893129722,0.07945801271328201
575,0.9266666666666666,0.0300538,0.003389830508474523,0.003816793893129722,0.07945801271328201
576,0.9266666666666666,0.029601272,0.003389830508474523,0.003816793893129722,0.07945801271328201
577,0.9266666666666666,0.033711318,0.003389830508474523,0.003816793893129722,0.07945801271328201
578,0.9266666666666666,0.03243379,0.003389830508474523,0.003816793893129722,0.07945801271328201
579,0.9266666666666666,0.03243379,0.003389830508474523,0.003816793893129722,0.07945801271328201
580,0.9266666666666666,0.032142386,0.003389830508474523,0.003816793893129722,0.07945801271328201
581,0.9266666666666666,0.03026941,0.003389830508474523,0.003816793893129722,0.07945801271328201
582,0.9266666666666666,0.03026941,0.003389830508474523,0.003816793893129722,0.07945801271328201
583,0.9266666666666666,0.030269532,0.003389830508474523,0.003816793893129722,0.07945801271328201
584,0.9266666666666666,0.032102037,0.003389830508474523,0.003816793893129722,0.07945801271328201
585,0.9283333333333333,0.03330892,0.0,0.0,0.07907752153375935
586,0.9283333333333333,0.03330731,0.0,0.0,0.07907752153375935
587,0.9283333333333333,0.03330731,0.0,0.0,0.07907752153375935
588,0.925,0.029213136,0.006779661016949157,0.007633587786259555,0.0798411011022212
589,0.9283333333333333,0.031431373,0.0,0.0,0.07907752153375935
590,0.925,0.03028925,0.006779661016949157,0.007633587786259555,0.0798411011022212
591,0.925,0.03082201,0.006779661016949157,0.007633587786259555,0.0798411011022212
592,0.9266666666666666,0.028119821,0.003389830508474523,0.003816793893129722,0.07945801271328201
593,0.9266666666666666,0.028119821,0.003389830508474523,0.003816793893129722,0.07945801271328201
594,0.925,0.031087827,0.006779661016949157,0.007633587786259555,0.0798411011022212
595,0.925,0.031087827,0.006779661016949157,0.007633587786259555,0.0798411011022212
596,0.9266666666666666,0.029004948,0.003389830508474523,0.003816793893129722,0.07945801271328201
597,0.9266666666666666,0.029004948,0.003389830508474523,0.003816793893129722,0.07945801271328201
598,0.9266666666666666,0.030576147,0.003389830508474523,0.003816793893129722,0.07945801271328201
599,0.9266666666666666,0.030576147,0.003389830508474523,0.003816793893129722,0.07945801271328201
600,0.925,0.029881347,0.006779661016949157,0.007633587786259555,0.0798411011022212
601,0.9266666666666666,0.03325745,0.003389830508474523,0.003816793893129722,0.07945801271328201
602,0.9266666666666666,0.0319566,0.003389830508474523,0.003816793893129722,0.07945801271328201
603,0.9266666666666666,0.031170418,0.003389830508474523,0.003816793893129722,0.07945801271328201
604,0.9266666666666666,0.030899215,0.003389830508474523,0.003816793893129722,0.07945801271328201
605,0.925,0.030656235,0.006779661016949157,0.007633587786259555,0.0798411011022212
606,0.925,0.030376822,0.006779661016949157,0.007633587786259555,0.0798411011022212
607,0.925,0.02961691,0.006779661016949157,0.007633587786259555,0.0798411011022212
608,0.9233333333333333,0.031458687,0.01016949152542368,0.011450381679389277,0.08022681338423532
609,0.925,0.030951392,0.006779661016949157,0.007633587786259555,0.0798411011022212
610,0.9266666666666666,0.02780687,0.003389830508474523,0.003816793893129722,0.07945801271328201
611,0.9266666666666666,0.02780687,0.003389830508474523,0.003816793893129722,0.07945801271328201
612,0.9266666666666666,0.031768207,0.003389830508474523,0.003816793893129722,0.07945801271328201
613,0.9266666666666666,0.031768207,0.003389830508474523,0.003816793893129722,0.07945801271328201
614,0.9266666666666666,0.031768207,0.003389830508474523,0.003816793893129722,0.07945801271328201
615,0.9266666666666666,0.031768207,0.003389830508474523,0.003816793893129722,0.07945801271328201
616,0.9266666666666666,0.03176702,0.003389830508474523,0.003816793893129722,0.07945801271328201
617,0.9283333333333333,0.029047862,0.0,0.0,0.07907752153375935
618,0.9283333333333333,0.029048169,0.0,0.0,0.07907752153375935
619,0.9283333333333333,0.029048169,0.0,0.0,0.07907752153375935
620,0.9283333333333333,0.029048169,0.0,0.0,0.07907752153375935
621,0.9266666666666666,0.03187645,0.003389830508474523,0.003816793893129722,0.07945801271328201
622,0.9266666666666666,0.03187645,0.003389830508474523,0.003816793893129722,0.07945801271328201
623,0.9266666666666666,0.03187645,0.003389830508474523,0.003816793893129722,0.07945801271328201
624,0.9266666666666666,0.03189479,0.003389830508474523,0.003816793893129722,0.07945801271328201
625,0.9266666666666666,0.032984365,0.003389830508474523,0.003816793893129722,0.07945801271328201
626,0.9266666666666666,0.02908936,0.003389830508474523,0.003816793893129722,0.07945801271328201
627,0.9266666666666666,0.031563133,0.003389830508474523,0.003816793893129722,0.07945801271328201
628,0.925,0.032554198,0.006779661016949157,0.007633587786259555,0.0798411011022212
629,0.9266666666666666,0.031345703,0.003389830508474523,0.003816793893129722,0.07945801271328201
630,0.9266666666666666,0.031437453,0.003389830508474523,0.003816793893129722,0.07945801271328201
631,0.9266666666666666,0.030914806,0.003389830508474523,0.003816793893129722,0.07945801271328201
632,0.9266666666666666,0.028837306,0.003389830508474523,0.003816793893129722,0.07945801271328201
633,0.9233333333333333,0.030470714,0.01016949152542368,0.011450381679389277,0.08022681338423532
634,0.925,0.029835122,0.006779661016949157,0.007633587786259555,0.0798411011022212
635,0.9266666666666666,0.028946,0.003389830508474523,0.003816793893129722,0.07945801271328201
636,0.9266666666666666,0.028946,0.003389830508474523,0.003816793893129722,0.07945801271328201
637,0.9266666666666666,0.028946,0.003389830508474523,0.003816793893129722,0.07945801271328201
638,0.9266666666666666,0.029199956,0.003389830508474523,0.003816793893129722,0.07945801271328201
639,0.9266666666666666,0.029199995,0.003389830508474523,0.003816793893129722,0.07945801271328201
640,0.9266666666666666,0.029199995,0.003389830508474523,0.003816793893129722,0.07945801271328201
641,0.9266666666666666,0.032326277,0.003389830508474523,0.003816793893129722,0.07945801271328201
642,0.9233333333333333,0.030642243,0.01016949152542368,0.011450381679389277,0.08022681338423532
643,0.925,0.032007586,0.006779661016949157,0.007633587786259555,0.0798411011022212
644,0.925,0.032007586,0.006779661016949157,0.007633587786259555,0.0798411011022212
645,0.925,0.032007586,0.006779661016949157,0.007633587786259555,0.0798411011022212
646,0.9233333333333333,0.031968772,0.01016949152542368,0.011450381679389277,0.08022681338423532
647,0.9233333333333333,0.031968776,0.01016949152542368,0.011450381679389277,0.08022681338423532
648,0.9266666666666666,0.030855726,0.003389830508474523,0.003816793893129722,0.07945801271328201
649,0.9266666666666666,0.030855726,0.003389830508474523,0.003816793893129722,0.07945801271328201
650,0.9266666666666666,0.031245887,0.003389830508474523,0.003816793893129722,0.07945801271328201
651,0.9266666666666666,0.031246275,0.003389830508474523,0.003816793893129722,0.07945801271328201
652,0.9266666666666666,0.030871792,0.003389830508474523,0.003816793893129722,0.07945801271328201
653,0.9283333333333333,0.03181201,0.0,0.0,0.07907752153375935
654,0.9266666666666666,0.03120932,0.003389830508474523,0.003816793893129722,0.07945801271328201
655,0.9283333333333333,0.031203436,0.0,0.0,0.07907752153375935
656,0.9283333333333333,0.031203436,0.0,0.0,0.07907752153375935
657,0.9283333333333333,0.03145057,0.0,0.0,0.07907752153375935
658,0.9283333333333333,0.03145037,0.0,0.0,0.07907752153375935
659,0.9283333333333333,0.03145037,0.0,0.0,0.07907752153375935
660,0.9283333333333333,0.03145037,0.0,0.0,0.07907752153375935
661,0.9283333333333333,0.03145037,0.0,0.0,0.07907752153375935
662,0.9283333333333333,0.030214284,0.0,0.0,0.07907752153375935
663,0.9283333333333333,0.030214012,0.0,0.0,0.07907752153375935
664,0.9283333333333333,0.030214012,0.0,0.0,0.07907752153375935
665,0.9283333333333333,0.030214012,0.0,0.0,0.07907752153375935
666,0.9233333333333333,0.02868314,0.01016949152542368,0.011450381679389277,0.08022681338423532
667,0.9233333333333333,0.028683325,0.01016949152542368,0.011450381679389277,0.08022681338423532
668,0.925,0.028540099,0.006779661016949157,0.007633587786259555,0.0798411011022212
669,0.925,0.028540099,0.006779661016949157,0.007633587786259555,0.0798411011022212
670,0.925,0.030897118,0.006779661016949157,0.007633587786259555,0.0798411011022212
671,0.9266666666666666,0.029891713,0.003389830508474523,0.003816793893129722,0.07945801271328201
672,0.925,0.029445868,0.006779661016949157,0.007633587786259555,0.0798411011022212
673,0.925,0.030934073,0.006779661016949157,0.007633587786259555,0.0798411011022212
674,0.9266666666666666,0.03203387,0.003389830508474523,0.003816793893129722,0.07945801271328201
675,0.9266666666666666,0.032033812,0.003389830508474523,0.003816793893129722,0.07945801271328201
676,0.9266666666666666,0.028896427,0.003389830508474523,0.003816793893129722,0.07945801271328201
677,0.9266666666666666,0.028502101,0.003389830508474523,0.003816793893129722,0.07945801271328201
678,0.9266666666666666,0.030853014,0.003389830508474523,0.003816793893129722,0.07945801271328201
679,0.9283333333333333,0.029985037,0.0,0.0,0.07907752153375935
680,0.9266666666666666,0.02920777,0.003389830508474523,0.003816793893129722,0.07945801271328201
681,0.9266666666666666,0.02920777,0.003389830508474523,0.003816793893129722,0.07945801271328201
682,0.9266666666666666,0.02920777,0.003389830508474523,0.003816793893129722,0.07945801271328201
683,0.9233333333333333,0.027841289,0.01016949152542368,0.011450381679389277,0.08022681338423532
684,0.925,0.029408874,0.006779661016949157,0.007633587786259555,0.0798411011022212
685,0.925,0.030847149,0.006779661016949157,0.007633587786259555,0.0798411011022212
686,0.925,0.030847149,0.006779661016949157,0.007633587786259555,0.0798411011022212
687,0.925,0.030847149,0.006779661016949157,0.007633587786259555,0.0798411011022212
688,0.925,0.030847149,0.006779661016949157,0.007633587786259555,0.0798411011022212
689,0.9266666666666666,0.028518105,0.003389830508474523,0.003816793893129722,0.07945801271328201
690,0.9266666666666666,0.028401196,0.003389830508474523,0.003816793893129722,0.07945801271328201
691,0.9266666666666666,0.028401196,0.003389830508474523,0.003816793893129722,0.07945801271328201
692,0.9266666666666666,0.028401196,0.003389830508474523,0.003816793893129722,0.07945801271328201
693,0.9283333333333333,0.026713924,0.0,0.0,0.07907752153375935
694,0.9283333333333333,0.02742025,0.0,0.0,0.07907752153375935
695,0.9283333333333333,0.027420215,0.0,0.0,0.07907752153375935
696,0.9283333333333333,0.02638916,0.0,0.0,0.07907752153375935
697,0.925,0.029802348,0.006779661016949157,0.007633587786259555,0.0798411011022212
698,0.925,0.029802348,0.006779661016949157,0.007633587786259555,0.0798411011022212
699,0.9266666666666666,0.027073555,0.003389830508474523,0.003816793893129722,0.07945801271328201
700,0.9266666666666666,0.031320497,0.003389830508474523,0.003816793893129722,0.07945801271328201
701,0.9266666666666666,0.030183986,0.003389830508474523,0.003816793893129722,0.07945801271328201
702,0.9266666666666666,0.030183986,0.003389830508474523,0.003816793893129722,0.07945801271328201
703,0.9266666666666666,0.030183986,0.003389830508474523,0.003816793893129722,0.07945801271328201
704,0.9266666666666666,0.029013215,0.003389830508474523,0.003816793893129722,0.07945801271328201
705,0.925,0.027765643,0.006779661016949157,0.007633587786259555,0.0798411011022212
706,0.925,0.027219445,0.006779661016949157,0.007633587786259555,0.0798411011022212
707,0.925,0.027219445,0.006779661016949157,0.007633587786259555,0.0798411011022212
708,0.925,0.027219445,0.006779661016949157,0.007633587786259555,0.0798411011022212
709,0.925,0.026830038,0.006779661016949157,0.007633587786259555,0.0798411011022212
710,0.9266666666666666,0.027200833,0.003389830508474523,0.003816793893129722,0.07945801271328201
711,0.925,0.02781643,0.006779661016949157,0.007633587786259555,0.0798411011022212
712,0.925,0.02781643,0.006779661016949157,0.007633587786259555,0.0798411011022212
713,0.9266666666666666,0.029992802,0.003389830508474523,0.003816793893129722,0.07945801271328201
714,0.9266666666666666,0.029364182,0.003389830508474523,0.003816793893129722,0.07945801271328201
715,0.9266666666666666,0.029364182,0.003389830508474523,0.003816793893129722,0.07945801271328201
716,0.9266666666666666,0.029364182,0.003389830508474523,0.003816793893129722,0.07945801271328201
717,0.925,0.029705064,0.006779661016949157,0.007633587786259555,0.0798411011022212
718,0.925,0.029705064,0.006779661016949157,0.007633587786259555,0.0798411011022212
719,0.925,0.029705143,0.006779661016949157,0.007633587786259555,0.0798411011022212
720,0.925,0.028693482,0.006779661016949157,0.007633587786259555,0.0798411011022212
721,0.925,0.028693482,0.006779661016949157,0.007633587786259555,0.0798411011022212
722,0.9283333333333333,0.027409652,0.0,0.0,0.07907752153375935
723,0.925,0.027137978,0.006779661016949157,0.007633587786259555,0.0798411011022212
724,0.925,0.027137978,0.006779661016949157,0.007633587786259555,0.0798411011022212
725,0.9266666666666666,0.030310243,0.003389830508474523,0.003816793893129722,0.07945801271328201
726,0.925,0.028767006,0.006779661016949157,0.007633587786259555,0.0798411011022212
727,0.925,0.028767006,0.006779661016949157,0.007633587786259555,0.0798411011022212
728,0.9266666666666666,0.029112028,0.003389830508474523,0.003816793893129722,0.07945801271328201
729,0.9283333333333333,0.026281359,0.0,0.0,0.07907752153375935
730,0.9266666666666666,0.025764007,0.003389830508474523,0.003816793893129722,0.07945801271328201
731,0.9266666666666666,0.025764007,0.003389830508474523,0.003816793893129722,0.07945801271328201
732,0.9266666666666666,0.025764007,0.003389830508474523,0.003816793893129722,0.07945801271328201
733,0.9266666666666666,0.027540706,0.003389830508474523,0.003816793893129722,0.07945801271328201
734,0.925,0.02883295,0.006779661016949157,0.007633587786259555,0.0798411011022212
735,0.925,0.029932264,0.006779661016949157,0.007633587786259555,0.0798411011022212
736,0.9283333333333333,0.028440882,0.0,0.0,0.07907752153375935
737,0.9266666666666666,0.029831626,0.003389830508474523,0.003816793893129722,0.07945801271328201
738,0.9266666666666666,0.029831626,0.003389830508474523,0.003816793893129722,0.07945801271328201
739,0.9266666666666666,0.029831626,0.003389830508474523,0.003816793893129722,0.07945801271328201
740,0.9266666666666666,0.029831536,0.003389830508474523,0.003816793893129722,0.07945801271328201
741,0.9233333333333333,0.030050846,0.01016949152542368,0.011450381679389277,0.08022681338423532
742,0.9233333333333333,0.030050846,0.01016949152542368,0.011450381679389277,0.08022681338423532
743,0.925,0.028240172,0.006779661016949157,0.007633587786259555,0.0798411011022212
744,0.925,0.028241,0.006779661016949157,0.007633587786259555,0.0798411011022212
745,0.925,0.02880952,0.006779661016949157,0.007633587786259555,0.0798411011022212
746,0.925,0.02880952,0.006779661016949157,0.007633587786259555,0.0798411011022212
747,0.925,0.028520215,0.006779661016949157,0.007633587786259555,0.0798411011022212
748,0.9283333333333333,0.028123645,0.0,0.0,0.07907752153375935
749,0.9266666666666666,0.027993876,0.003389830508474523,0.003816793893129722,0.07945801271328201
750,0.9266666666666666,0.029447416,0.003389830508474523,0.003816793893129722,0.07945801271328201
751,0.9283333333333333,0.02703327,0.0,0.0,0.07907752153375935
752,0.9266666666666666,0.028742027,0.003389830508474523,0.003816793893129722,0.07945801271328201
753,0.9266666666666666,0.0299315,0.003389830508474523,0.003816793893129722,0.07945801271328201
754,0.9266666666666666,0.02828792,0.003389830508474523,0.003816793893129722,0.07945801271328201
755,0.9266666666666666,0.028750388,0.003389830508474523,0.003816793893129722,0.07945801271328201
756,0.925,0.027994042,0.006779661016949157,0.007633587786259555,0.0798411011022212
757,0.925,0.028041229,0.006779661016949157,0.007633587786259555,0.0798411011022212
758,0.9266666666666666,0.030337073,0.003389830508474523,0.003816793893129722,0.07945801271328201
759,0.9266666666666666,0.030337073,0.003389830508474523,0.003816793893129722,0.07945801271328201
760,0.9266666666666666,0.029425595,0.003389830508474523,0.003816793893129722,0.07945801271328201
761,0.925,0.029700788,0.006779661016949157,0.007633587786259555,0.0798411011022212
762,0.925,0.030269401,0.006779661016949157,0.007633587786259555,0.0798411011022212
763,0.925,0.030269273,0.006779661016949157,0.007633587786259555,0.0798411011022212
764,0.925,0.030269273,0.006779661016949157,0.007633587786259555,0.0798411011022212
765,0.9266666666666666,0.025726512,0.003389830508474523,0.003816793893129722,0.07945801271328201
766,0.925,0.03061395,0.006779661016949157,0.007633587786259555,0.0798411011022212
767,0.925,0.03061395,0.006779661016949157,0.007633587786259555,0.0798411011022212
768,0.925,0.030632738,0.006779661016949157,0.007633587786259555,0.0798411011022212
769,0.925,0.030632718,0.006779661016949157,0.007633587786259555,0.0798411011022212
770,0.925,0.030632718,0.006779661016949157,0.007633587786259555,0.0798411011022212
771,0.9266666666666666,0.029977174,0.003389830508474523,0.003816793893129722,0.07945801271328201
772,0.925,0.028311387,0.006779661016949157,0.007633587786259555,0.0798411011022212
773,0.9266666666666666,0.02671135,0.003389830508474523,0.003816793893129722,0.07945801271328201
774,0.9266666666666666,0.02671135,0.003389830508474523,0.003816793893129722,0.07945801271328201
775,0.9266666666666666,0.026712446,0.003389830508474523,0.003816793893129722,0.07945801271328201
776,0.9266666666666666,0.026712446,0.003389830508474523,0.003816793893129722,0.07945801271328201
777,0.925,0.03175033,0.006779661016949157,0.007633587786259555,0.0798411011022212
778,0.925,0.02822921,0.006779661016949157,0.007633587786259555,0.0798411011022212
779,0.9233333333333333,0.02798666,0.01016949152542368,0.011450381679389277,0.08022681338423532
780,0.9233333333333333,0.02798666,0.01016949152542368,0.011450381679389277,0.08022681338423532
781,0.925,0.028322918,0.006779661016949157,0.007633587786259555,0.0798411011022212
782,0.9233333333333333,0.029741134,0.01016949152542368,0.011450381679389277,0.08022681338423532
783,0.9233333333333333,0.029741134,0.01016949152542368,0.011450381679389277,0.08022681338423532
784,0.9266666666666666,0.027277073,0.003389830508474523,0.003816793893129722,0.07945801271328201
785,0.9266666666666666,0.027277073,0.003389830508474523,0.003816793893129722,0.07945801271328201
786,0.925,0.02847969,0.006779661016949157,0.007633587786259555,0.0798411011022212
787,0.9266666666666666,0.030469412,0.003389830508474523,0.003816793893129722,0.07945801271328201
788,0.9266666666666666,0.030468037,0.003389830508474523,0.003816793893129722,0.07945801271328201
789,0.9266666666666666,0.030468037,0.003389830508474523,0.003816793893129722,0.07945801271328201
790,0.9266666666666666,0.030468037,0.003389830508474523,0.003816793893129722,0.07945801271328201
791,0.9266666666666666,0.030468037,0.003389830508474523,0.003816793893129722,0.07945801271328201
792,0.9266666666666666,0.030468037,0.003389830508474523,0.003816793893129722,0.07945801271328201
793,0.925,0.027345518,0.006779661016949157,0.007633587786259555,0.0798411011022212
794,0.9266666666666666,0.027818132,0.003389830508474523,0.003816793893129722,0.07945801271328201
795,0.9266666666666666,0.027326984,0.003389830508474523,0.003816793893129722,0.07945801271328201
796,0.925,0.026866494,0.006779661016949157,0.007633587786259555,0.0798411011022212
797,0.9266666666666666,0.027317047,0.003389830508474523,0.003816793893129722,0.07945801271328201
798,0.925,0.027964478,0.006779661016949157,0.007633587786259555,0.0798411011022212
799,0.9233333333333333,0.027602425,0.01016949152542368,0.011450381679389277,0.08022681338423532
800,0.9266666666666666,0.027010422,0.003389830508474523,0.003816793893129722,0.07945801271328201
801,0.9266666666666666,0.027010422,0.003389830508474523,0.003816793893129722,0.07945801271328201
802,0.925,0.025841914,0.006779661016949157,0.007633587786259555,0.0798411011022212
803,0.925,0.025841914,0.006779661016949157,0.007633587786259555,0.0798411011022212
804,0.925,0.025841655,0.006779661016949157,0.007633587786259555,0.0798411011022212
805,0.925,0.02584129,0.006779661016949157,0.007633587786259555,0.0798411011022212
806,0.9233333333333333,0.029673474,0.01016949152542368,0.011450381679389277,0.08022681338423532
807,0.9233333333333333,0.029673474,0.01016949152542368,0.011450381679389277,0.08022681338423532
808,0.9233333333333333,0.029673474,0.01016949152542368,0.011450381679389277,0.08022681338423532
809,0.9233333333333333,0.029063892,0.01016949152542368,0.011450381679389277,0.08022681338423532
810,0.9283333333333333,0.026081532,0.0,0.0,0.07907752153375935
811,0.9283333333333333,0.026081532,0.0,0.0,0.07907752153375935
812,0.9266666666666666,0.025936283,0.003389830508474523,0.003816793893129722,0.07945801271328201
813,0.925,0.029822247,0.006779661016949157,0.007633587786259555,0.0798411011022212
814,0.925,0.029822247,0.006779661016949157,0.007633587786259555,0.0798411011022212
815,0.925,0.029822279,0.006779661016949157,0.007633587786259555,0.0798411011022212
816,0.9266666666666666,0.026428208,0.003389830508474523,0.003816793893129722,0.07945801271328201
817,0.9266666666666666,0.02642824,0.003389830508474523,0.003816793893129722,0.07945801271328201
818,0.9266666666666666,0.02541644,0.003389830508474523,0.003816793893129722,0.07945801271328201
819,0.9216666666666666,0.026453923,0.013559322033898313,0.01526717557251911,0.08061517660976847
820,0.9216666666666666,0.026453923,0.013559322033898313,0.01526717557251911,0.08061517660976847
821,0.9233333333333333,0.027779773,0.01016949152542368,0.011450381679389277,0.08022681338423532
822,0.9233333333333333,0.027433466,0.01016949152542368,0.011450381679389277,0.08022681338423532
823,0.9283333333333333,0.025470901,0.0,0.0,0.07907752153375935
824,0.9266666666666666,0.029245876,0.003389830508474523,0.003816793893129722,0.07945801271328201
825,0.9266666666666666,0.027848152,0.003389830508474523,0.003816793893129722,0.07945801271328201
826,0.9266666666666666,0.027848154,0.003389830508474523,0.003816793893129722,0.07945801271328201
827,0.9266666666666666,0.027848154,0.003389830508474523,0.003816793893129722,0.07945801271328201
828,0.9266666666666666,0.027848154,0.003389830508474523,0.003816793893129722,0.07945801271328201
829,0.9266666666666666,0.028172996,0.003389830508474523,0.003816793893129722,0.07945801271328201
830,0.9266666666666666,0.029588677,0.003389830508474523,0.003816793893129722,0.07945801271328201
